nivel,algoritmo,variable,n,media,desv,mediana,min,max,censuradas
ALTA,AG,colapso_h,28,71.34106785714285,34.597828002476234,66.05,14.2833,120.0,6
ALTA,AG,pct_pedidos_en_plazo,28,99.77428571428572,0.2765050206687518,99.825,98.55,100.0,6
ALTA,AG,costo_por_pedido,28,162.990767360107,6.88669559955092,163.8475147724377,145.38235294117646,180.3413897280967,6
ALTA,AG,km_por_pedido,28,26.937223154398758,1.2931864823551737,27.165855775460557,22.16176470588235,29.507552870090635,6
ALTA,AG,costo_acumulado,28,105938.25,57642.644524258256,96764.0,9886.0,189635.0,6
ALTA,AG,planificador_ms_medio,28,2099.825,59.781860403749036,2111.95,2006.0,2222.3,6
ALTA,AG,cambios_de_unidad,28,97.03571428571429,49.4566642649061,94.0,16.0,244.0,6
ALTA,AG,pedidos_inentregables_bloqueo,28,0.17857142857142858,0.3900210277874798,0.0,0.0,1.0,6
ALTA,TABU,colapso_h,28,69.25654285714286,31.751525242669416,61.79165,14.2833,120.0,4
ALTA,TABU,pct_pedidos_en_plazo,28,99.77285714285712,0.25233512611805675,99.82499999999999,98.65,100.0,4
ALTA,TABU,costo_por_pedido,28,164.3375327615569,5.372529630846131,165.5205619126399,146.44845360824743,171.98305084745763,4
ALTA,TABU,km_por_pedido,28,27.297025176792708,0.9901175302256933,27.404620023201346,23.623711340206185,28.789473684210527,4
ALTA,TABU,costo_acumulado,28,103247.89285714286,53788.69190352001,95228.5,12140.0,194435.0,4
ALTA,TABU,planificador_ms_medio,28,2002.9678571428572,1.7386784192318756,2002.5,1999.9,2007.3,4
ALTA,TABU,cambios_de_unidad,28,19.678571428571427,9.213731987791762,21.5,4.0,39.0,4
ALTA,TABU,pedidos_inentregables_bloqueo,28,0.10714285714285714,0.314970394174356,0.0,0.0,1.0,4
BAJA,AG,colapso_h,40,99.726675,35.50531956412505,120.0,5.9167,120.0,27
BAJA,AG,pct_pedidos_en_plazo,40,99.60025,1.3528838855172711,100.0,93.33,100.0,27
BAJA,AG,costo_por_pedido,40,153.51619954366237,11.906647878653217,152.51335052983825,137.58333333333334,219.14285714285714,27
BAJA,AG,km_por_pedido,40,24.921896280519228,1.768226365147206,24.791031437047444,21.352941176470587,32.714285714285715,27
BAJA,AG,costo_acumulado,40,103001.675,39915.89811307918,116289.0,2461.0,145677.0,27
BAJA,AG,planificador_ms_medio,40,2013.545,7.864230935388915,2010.15,2003.0,2043.3,27
BAJA,AG,cambios_de_unidad,40,272.675,111.80967975617982,298.5,7.0,459.0,27
BAJA,AG,pedidos_inentregables_bloqueo,40,0.0,0.0,0.0,0.0,0.0,27
BAJA,TABU,colapso_h,40,105.09042500000001,31.54182345657945,120.0,5.9167,120.0,30
BAJA,TABU,pct_pedidos_en_plazo,40,99.675,1.2255799255234863,100.0,94.12,100.0,30
BAJA,TABU,costo_por_pedido,40,159.53938854671523,6.804062032293188,159.91415260034836,143.42777777777778,186.0,30
BAJA,TABU,km_por_pedido,40,26.39063402270306,0.950779427957901,26.432481443994604,23.67222222222222,28.77777777777778,30
BAJA,TABU,costo_acumulado,40,113315.275,36225.280387149025,125867.5,2715.0,150076.0,30
BAJA,TABU,planificador_ms_medio,40,2003.8625,2.4354947372935407,2003.5,1999.7,2015.6,30
BAJA,TABU,cambios_de_unidad,40,29.25,11.777314133754274,28.0,5.0,55.0,30
BAJA,TABU,pedidos_inentregables_bloqueo,40,0.0,0.0,0.0,0.0,0.0,30
MEDIA,AG,colapso_h,35,105.07524285714285,23.35897095179149,120.0,22.0167,120.0,18
MEDIA,AG,pct_pedidos_en_plazo,35,99.91514285714285,0.13958702595558778,100.0,99.23,100.0,18
MEDIA,AG,costo_por_pedido,35,160.08662042509243,3.194829485952447,159.96747967479675,149.85271317829458,168.5609990393852,18
MEDIA,AG,km_por_pedido,35,26.441007502385503,0.6312616681808277,26.414712153518124,24.06201550387597,27.552353506243996,18
MEDIA,AG,costo_acumulado,35,142810.6,37467.7444007823,154823.0,19331.0,185474.0,18
MEDIA,AG,planificador_ms_medio,35,2039.2571428571428,26.73719908902293,2028.3,2008.3,2111.9,18
MEDIA,AG,cambios_de_unidad,35,177.88571428571427,68.19555420586724,175.0,48.0,299.0,18
MEDIA,AG,pedidos_inentregables_bloqueo,35,0.14285714285714285,0.35503580124836315,0.0,0.0,1.0,18
MEDIA,TABU,colapso_h,35,110.17142857142858,19.421261008849697,120.0,59.8833,120.0,25
MEDIA,TABU,pct_pedidos_en_plazo,35,99.95628571428571,0.07328773728922797,100.0,99.79,100.0,25
MEDIA,TABU,costo_por_pedido,35,162.73067428932927,3.3486313473437295,162.92530345471522,155.92196007259528,173.38526912181302,25
MEDIA,TABU,km_por_pedido,35,27.06637902271956,0.5084254579538248,27.06918918918919,25.995943204868155,28.348441926345608,25
MEDIA,TABU,costo_acumulado,35,152860.65714285715,32745.188201468318,162737.0,76290.0,189996.0,25
MEDIA,TABU,planificador_ms_medio,35,2003.5457142857144,1.3780512363784025,2003.3,2001.0,2006.5,25
MEDIA,TABU,cambios_de_unidad,35,25.685714285714287,10.725920853300218,26.0,9.0,54.0,25
MEDIA,TABU,pedidos_inentregables_bloqueo,35,0.14285714285714285,0.3550358012483632,0.0,0.0,1.0,25
