orden,modo,escenario,nivel,pct_cmax,cmax_paquetes_dia,fuente_cmax,archivo_carga,archivo_ventas,archivo_bloqueos,archivo_averias,algoritmo,replica,semilla,modo_parada,ta_ms,sa_min,max_evaluaciones,busqueda_local,parciales,pedidos_originales_total,paquetes_total,colapso_min,colapso_h,censurada,pedido_colapso,unidad_colapso,causa_colapso,costo_acumulado,km_acumulados,pedidos_llegados,pedidos_entregados,pedidos_evaluables,pct_pedidos_en_plazo,entregas_tarde,replanificaciones,replan_por_evento,planificador_ms_medio,planificador_ms_max,iteraciones_totales,evaluaciones_totales,aplazamientos,cambios_de_unidad,viajes_totales,viajes_por_vehiculo_medio,viajes_por_vehiculo_max,bloqueos_encontrados,averias_aplicadas,trasvases,parciales_creadas,tiempo_real_ms,regla_destino,pedidos_inentregables_bloqueo,penalidad_estabilidad,pc,sha256_ventas,sha256_bloqueos,holgura_min,penalidad_holgura,dia_inicio,horas_desde_inicio,situaciones,semilla_carga
1,simulacion,SIM_5D,C115,115,1296,propio,carga_C115_115pct_semilla8027_de_ventas.202609.txt,ventas.202609.txt,bloqueo.2609.txt,,TABU,1,1001,tiempo,2000,60,0,,urgentes,8130,44833,5455.00,90.9167,no,c3264-L1008 (c3264-L1008),,llegada tardía (planificada),149406.00,25458,1038,913,914,99.89,0,91,0,2002.3,2077.0,83179,608915,0,10,600,16.216,32,0,0,0,63,217351,NO_EVALUABLE,0,16.0,LAPTOP-OMI6BJ6L,45a097c1b95bf1ad3f27d32ddffdc4ee8014640d7d379ca3df7bcd8b6f73c49a,b8d9ed2fd9f5011c1e05f5a5f6588b283367d7395a7bcc57ef6887d4ded60e12,60.0,200.0,1,90.9167,por_replica,8027
2,simulacion,SIM_5D,C105,105,1296,propio,carga_C105_105pct_semilla6030_de_ventas.202609.txt,ventas.202609.txt,bloqueo.2609.txt,,TABU,4,1004,tiempo,2000,60,0,,urgentes,7409,40916,2778.00,46.3000,no,c0394-L423 (c0394-L423),TA06,llegada tardía (a bordo),53134.00,8482,463,331,332,99.70,0,46,0,2000.9,2039.4,79478,566092,0,15,206,5.568,14,0,0,0,13,100124,NO_EVALUABLE,0,16.0,LAPTOP-OMI6BJ6L,45a097c1b95bf1ad3f27d32ddffdc4ee8014640d7d379ca3df7bcd8b6f73c49a,b8d9ed2fd9f5011c1e05f5a5f6588b283367d7395a7bcc57ef6887d4ded60e12,60.0,200.0,1,46.3000,por_replica,6030
3,simulacion,SIM_5D,C095,95,1296,propio,carga_C095_95pct_semilla4029_de_ventas.202609.txt,ventas.202609.txt,bloqueo.2609.txt,,TABU,3,1003,tiempo,2000,60,0,,urgentes,6800,37027,5944.00,99.0667,no,c9995-L900 (c9995-L900~2),,llegada tardía (planificada),133678.00,22173,936,826,827,99.88,0,99,0,2001.6,2070.6,103737,644475,0,19,514,13.892,34,0,0,0,46,226734,NO_EVALUABLE,0,16.0,LAPTOP-OMI6BJ6L,45a097c1b95bf1ad3f27d32ddffdc4ee8014640d7d379ca3df7bcd8b6f73c49a,b8d9ed2fd9f5011c1e05f5a5f6588b283367d7395a7bcc57ef6887d4ded60e12,60.0,200.0,1,99.0667,por_replica,4029
4,simulacion,SIM_5D,C100,100,1296,propio,carga_C100_100pct_semilla5030_de_ventas.202609.txt,ventas.202609.txt,bloqueo.2609.txt,,AG,4,1004,tiempo,2000,60,0,si,urgentes,7156,38968,7200.00,120.0000,si,,,,169753.00,28371,1193,1073,1073,100.00,0,119,0,2053.1,2280.0,370,35683,0,60,655,17.703,35,0,0,0,54,286339,NO_EVALUABLE,0,16.0,LAPTOP-OMI6BJ6L,45a097c1b95bf1ad3f27d32ddffdc4ee8014640d7d379ca3df7bcd8b6f73c49a,b8d9ed2fd9f5011c1e05f5a5f6588b283367d7395a7bcc57ef6887d4ded60e12,60.0,200.0,1,120.0000,por_replica,5030
5,simulacion,SIM_5D,C090,90,1296,propio,carga_C090_90pct_semilla3028_de_ventas.202609.txt,ventas.202609.txt,bloqueo.2609.txt,,AG,2,1002,tiempo,2000,60,0,si,urgentes,6332,35105,7200.00,120.0000,si,,,,149747.00,24773,1027,937,937,100.00,0,119,0,2028.6,2195.3,685,58195,0,304,577,15.595,33,0,0,0,45,269741,NO_EVALUABLE,0,16.0,LAPTOP-OMI6BJ6L,45a097c1b95bf1ad3f27d32ddffdc4ee8014640d7d379ca3df7bcd8b6f73c49a,b8d9ed2fd9f5011c1e05f5a5f6588b283367d7395a7bcc57ef6887d4ded60e12,60.0,200.0,1,120.0000,por_replica,3028
6,simulacion,SIM_5D,C110,110,1296,propio,carga_C110_110pct_semilla7028_de_ventas.202609.txt,ventas.202609.txt,bloqueo.2609.txt,,AG,2,1002,tiempo,2000,60,0,si,urgentes,7786,42874,7200.00,120.0000,si,,,,185318.00,30727,1295,1165,1165,100.00,0,119,0,2088.6,2542.7,430,36896,0,145,718,19.405,36,0,0,0,78,295190,NO_EVALUABLE,0,16.0,LAPTOP-OMI6BJ6L,45a097c1b95bf1ad3f27d32ddffdc4ee8014640d7d379ca3df7bcd8b6f73c49a,b8d9ed2fd9f5011c1e05f5a5f6588b283367d7395a7bcc57ef6887d4ded60e12,60.0,200.0,1,120.0000,por_replica,7028
7,simulacion,SIM_5D,C115,115,1296,propio,carga_C115_115pct_semilla8030_de_ventas.202609.txt,ventas.202609.txt,bloqueo.2609.txt,,AG,4,1004,tiempo,2000,60,0,si,urgentes,8190,44832,1343.00,22.3833,no,c4028-L202 (c4028-L202),TB06,destino bloqueado,21588.00,3554,242,140,141,99.29,0,22,0,2014.2,2059.0,204,17027,0,84,96,2.595,6,0,0,0,6,49246,NO_EVALUABLE,0,16.0,LAPTOP-OMI6BJ6L,45a097c1b95bf1ad3f27d32ddffdc4ee8014640d7d379ca3df7bcd8b6f73c49a,b8d9ed2fd9f5011c1e05f5a5f6588b283367d7395a7bcc57ef6887d4ded60e12,60.0,200.0,1,22.3833,por_replica,8030
8,simulacion,SIM_5D,ARCHIVO,73,1296,propio,ventas.202609.txt,ventas.202609.txt,bloqueo.2609.txt,,AG,1,1001,tiempo,2000,60,0,si,urgentes,5000,27494,7200.00,120.0000,si,,,,112826.00,18793,788,734,734,100.00,0,119,0,2010.8,2081.0,1903,177153,0,271,442,11.946,28,0,0,0,7,255173,NO_EVALUABLE,0,16.0,LAPTOP-OMI6BJ6L,45a097c1b95bf1ad3f27d32ddffdc4ee8014640d7d379ca3df7bcd8b6f73c49a,b8d9ed2fd9f5011c1e05f5a5f6588b283367d7395a7bcc57ef6887d4ded60e12,60.0,200.0,1,120.0000,por_replica,0
9,simulacion,SIM_5D,C095,95,1296,propio,carga_C095_95pct_semilla4028_de_ventas.202609.txt,ventas.202609.txt,bloqueo.2609.txt,,AG,2,1002,tiempo,2000,60,0,si,urgentes,6724,37059,6365.00,106.0833,no,c3206-L925 (c3206-L925),,destino bloqueado,140680.00,22470,955,843,844,99.88,0,106,0,2043.8,2269.0,766,69418,0,162,512,13.838,29,0,0,0,47,244412,NO_EVALUABLE,0,16.0,LAPTOP-OMI6BJ6L,45a097c1b95bf1ad3f27d32ddffdc4ee8014640d7d379ca3df7bcd8b6f73c49a,b8d9ed2fd9f5011c1e05f5a5f6588b283367d7395a7bcc57ef6887d4ded60e12,60.0,200.0,1,106.0833,por_replica,4028
10,simulacion,SIM_5D,C115,115,1296,propio,carga_C115_115pct_semilla8027_de_ventas.202609.txt,ventas.202609.txt,bloqueo.2609.txt,,AG,1,1001,tiempo,2000,60,0,si,urgentes,8130,44833,7200.00,120.0000,si,,,,201999.00,33900,1368,1241,1241,100.00,0,120,0,2090.2,2377.4,1128,135506,0,194,760,20.541,39,0,0,0,104,296928,NO_EVALUABLE,0,16.0,LAPTOP-OMI6BJ6L,45a097c1b95bf1ad3f27d32ddffdc4ee8014640d7d379ca3df7bcd8b6f73c49a,b8d9ed2fd9f5011c1e05f5a5f6588b283367d7395a7bcc57ef6887d4ded60e12,60.0,200.0,1,120.0000,por_replica,8027
11,simulacion,SIM_5D,C105,105,1296,propio,carga_C105_105pct_semilla6029_de_ventas.202609.txt,ventas.202609.txt,bloqueo.2609.txt,,AG,3,1003,tiempo,2000,60,0,si,urgentes,7409,40914,7200.00,120.0000,si,,,,181549.00,30242,1227,1124,1124,100.00,0,119,0,2052.8,2379.6,376,33519,0,157,702,18.973,40,0,0,0,84,282167,NO_EVALUABLE,0,16.0,LAPTOP-OMI6BJ6L,45a097c1b95bf1ad3f27d32ddffdc4ee8014640d7d379ca3df7bcd8b6f73c49a,b8d9ed2fd9f5011c1e05f5a5f6588b283367d7395a7bcc57ef6887d4ded60e12,60.0,200.0,1,120.0000,por_replica,6029
12,simulacion,SIM_5D,C090,90,1296,propio,carga_C090_90pct_semilla3029_de_ventas.202609.txt,ventas.202609.txt,bloqueo.2609.txt,,TABU,3,1003,tiempo,2000,60,0,,urgentes,6354,35106,7200.00,120.0000,si,,,,152192.00,24968,1028,941,941,100.00,0,119,0,2004.3,2067.8,163409,1053328,0,33,590,15.946,37,0,0,0,40,262983,NO_EVALUABLE,0,16.0,LAPTOP-OMI6BJ6L,45a097c1b95bf1ad3f27d32ddffdc4ee8014640d7d379ca3df7bcd8b6f73c49a,b8d9ed2fd9f5011c1e05f5a5f6588b283367d7395a7bcc57ef6887d4ded60e12,60.0,200.0,1,120.0000,por_replica,3029
13,simulacion,SIM_5D,C100,100,1296,propio,carga_C100_100pct_semilla5030_de_ventas.202609.txt,ventas.202609.txt,bloqueo.2609.txt,,TABU,4,1004,tiempo,2000,60,0,,urgentes,7156,38968,7200.00,120.0000,si,,,,173635.00,28827,1193,1080,1080,100.00,0,119,0,2006.4,2078.9,123361,839805,0,30,667,18.027,35,0,0,0,47,274035,NO_EVALUABLE,0,16.0,LAPTOP-OMI6BJ6L,45a097c1b95bf1ad3f27d32ddffdc4ee8014640d7d379ca3df7bcd8b6f73c49a,b8d9ed2fd9f5011c1e05f5a5f6588b283367d7395a7bcc57ef6887d4ded60e12,60.0,200.0,1,120.0000,por_replica,5030
14,simulacion,SIM_5D,C095,95,1296,propio,carga_C095_95pct_semilla4027_de_ventas.202609.txt,ventas.202609.txt,bloqueo.2609.txt,,TABU,1,1001,tiempo,2000,60,0,,urgentes,6799,37022,7200.00,120.0000,si,,,,162987.00,26995,1112,1012,1012,100.00,0,119,0,2002.6,2066.8,134656,888156,0,47,615,16.622,31,0,0,0,45,268780,NO_EVALUABLE,0,16.0,LAPTOP-OMI6BJ6L,45a097c1b95bf1ad3f27d32ddffdc4ee8014640d7d379ca3df7bcd8b6f73c49a,b8d9ed2fd9f5011c1e05f5a5f6588b283367d7395a7bcc57ef6887d4ded60e12,60.0,200.0,1,120.0000,por_replica,4027
15,simulacion,SIM_5D,ARCHIVO,73,1296,propio,ventas.202609.txt,ventas.202609.txt,bloqueo.2609.txt,,TABU,2,1002,tiempo,2000,60,0,,urgentes,5000,27494,7200.00,120.0000,si,,,,114242.00,19093,788,728,728,100.00,0,119,0,2002.6,2060.2,235015,1600658,0,32,457,12.351,36,0,0,0,0,252769,NO_EVALUABLE,0,16.0,LAPTOP-OMI6BJ6L,45a097c1b95bf1ad3f27d32ddffdc4ee8014640d7d379ca3df7bcd8b6f73c49a,b8d9ed2fd9f5011c1e05f5a5f6588b283367d7395a7bcc57ef6887d4ded60e12,60.0,200.0,1,120.0000,por_replica,0
16,simulacion,SIM_5D,ARCHIVO,73,1296,propio,ventas.202609.txt,ventas.202609.txt,bloqueo.2609.txt,,AG,3,1003,tiempo,2000,60,0,si,urgentes,5000,27494,7200.00,120.0000,si,,,,107165.00,17276,788,724,724,100.00,0,119,0,2007.1,2077.7,2161,192517,0,332,400,10.811,31,0,0,0,11,250233,NO_EVALUABLE,0,16.0,LAPTOP-OMI6BJ6L,45a097c1b95bf1ad3f27d32ddffdc4ee8014640d7d379ca3df7bcd8b6f73c49a,b8d9ed2fd9f5011c1e05f5a5f6588b283367d7395a7bcc57ef6887d4ded60e12,60.0,200.0,1,120.0000,por_replica,0
17,simulacion,SIM_5D,ARCHIVO,73,1296,propio,ventas.202609.txt,ventas.202609.txt,bloqueo.2609.txt,,AG,2,1002,tiempo,2000,60,0,si,urgentes,5000,27494,7200.00,120.0000,si,,,,108115.00,17474,788,729,729,100.00,0,119,0,2008.3,2077.9,2139,191130,0,422,410,11.081,24,0,0,0,15,250490,NO_EVALUABLE,0,16.0,LAPTOP-OMI6BJ6L,45a097c1b95bf1ad3f27d32ddffdc4ee8014640d7d379ca3df7bcd8b6f73c49a,b8d9ed2fd9f5011c1e05f5a5f6588b283367d7395a7bcc57ef6887d4ded60e12,60.0,200.0,1,120.0000,por_replica,0
18,simulacion,SIM_5D,C095,95,1296,propio,carga_C095_95pct_semilla4030_de_ventas.202609.txt,ventas.202609.txt,bloqueo.2609.txt,,AG,4,1004,tiempo,2000,60,0,si,urgentes,6719,37029,3618.00,60.3000,no,c1441-L535 (c1441-L535),,llegada tardía (planificada),69648.00,11404,566,455,456,99.78,0,61,0,2011.8,2104.8,1775,215240,0,110,278,7.514,18,0,0,0,22,133768,NO_EVALUABLE,0,16.0,LAPTOP-OMI6BJ6L,45a097c1b95bf1ad3f27d32ddffdc4ee8014640d7d379ca3df7bcd8b6f73c49a,b8d9ed2fd9f5011c1e05f5a5f6588b283367d7395a7bcc57ef6887d4ded60e12,60.0,200.0,1,60.3000,por_replica,4030
19,simulacion,SIM_5D,C100,100,1296,propio,carga_C100_100pct_semilla5028_de_ventas.202609.txt,ventas.202609.txt,bloqueo.2609.txt,,AG,2,1002,tiempo,2000,60,0,si,urgentes,7114,38975,7200.00,120.0000,si,,,,170688.00,28789,1188,1078,1078,100.00,0,119,0,2069.8,2458.0,769,74624,0,151,657,17.757,31,0,0,0,46,285241,NO_EVALUABLE,0,16.0,LAPTOP-OMI6BJ6L,45a097c1b95bf1ad3f27d32ddffdc4ee8014640d7d379ca3df7bcd8b6f73c49a,b8d9ed2fd9f5011c1e05f5a5f6588b283367d7395a7bcc57ef6887d4ded60e12,60.0,200.0,1,120.0000,por_replica,5028
20,simulacion,SIM_5D,C100,100,1296,propio,carga_C100_100pct_semilla5028_de_ventas.202609.txt,ventas.202609.txt,bloqueo.2609.txt,,TABU,2,1002,tiempo,2000,60,0,,urgentes,7114,38975,6628.00,110.4667,no,c4666-L1072 (c4666-L1072),,destino bloqueado,151264.00,25434,1105,974,975,99.90,0,110,0,2003.6,2080.2,124862,832796,0,29,613,16.568,35,0,0,0,38,254513,NO_EVALUABLE,0,16.0,LAPTOP-OMI6BJ6L,45a097c1b95bf1ad3f27d32ddffdc4ee8014640d7d379ca3df7bcd8b6f73c49a,b8d9ed2fd9f5011c1e05f5a5f6588b283367d7395a7bcc57ef6887d4ded60e12,60.0,200.0,1,110.4667,por_replica,5028
21,simulacion,SIM_5D,C110,110,1296,propio,carga_C110_110pct_semilla7030_de_ventas.202609.txt,ventas.202609.txt,bloqueo.2609.txt,,TABU,4,1004,tiempo,2000,60,0,,urgentes,7840,42872,1318.00,21.9667,no,c1420-L181 (c1420-L181),,destino bloqueado,18981.00,3174,222,125,126,99.21,0,21,0,2002.6,2047.2,54040,420978,0,26,90,2.432,7,0,0,0,1,45681,NO_EVALUABLE,0,16.0,LAPTOP-OMI6BJ6L,45a097c1b95bf1ad3f27d32ddffdc4ee8014640d7d379ca3df7bcd8b6f73c49a,b8d9ed2fd9f5011c1e05f5a5f6588b283367d7395a7bcc57ef6887d4ded60e12,60.0,200.0,1,21.9667,por_replica,7030
22,simulacion,SIM_5D,C110,110,1296,propio,carga_C110_110pct_semilla7030_de_ventas.202609.txt,ventas.202609.txt,bloqueo.2609.txt,,AG,4,1004,tiempo,2000,60,0,si,urgentes,7840,42872,1318.00,21.9667,no,c1420-L181 (c1420-L181),,destino bloqueado,17453.00,2912,222,126,127,99.21,0,21,0,2007.3,2043.8,576,51614,0,61,83,2.243,7,0,0,0,0,45862,NO_EVALUABLE,0,16.0,LAPTOP-OMI6BJ6L,45a097c1b95bf1ad3f27d32ddffdc4ee8014640d7d379ca3df7bcd8b6f73c49a,b8d9ed2fd9f5011c1e05f5a5f6588b283367d7395a7bcc57ef6887d4ded60e12,60.0,200.0,1,21.9667,por_replica,7030
23,simulacion,SIM_5D,C090,90,1296,propio,carga_C090_90pct_semilla3027_de_ventas.202609.txt,ventas.202609.txt,bloqueo.2609.txt,,AG,1,1001,tiempo,2000,60,0,si,urgentes,6409,35084,5586.00,93.1000,no,c1729-L814 (c1729-L814),,destino bloqueado,110595.00,18055,844,731,732,99.86,0,93,0,2018.7,2181.0,978,81184,0,200,413,11.162,26,0,0,0,30,204804,NO_EVALUABLE,0,16.0,LAPTOP-OMI6BJ6L,45a097c1b95bf1ad3f27d32ddffdc4ee8014640d7d379ca3df7bcd8b6f73c49a,b8d9ed2fd9f5011c1e05f5a5f6588b283367d7395a7bcc57ef6887d4ded60e12,60.0,200.0,1,93.1000,por_replica,3027
24,simulacion,SIM_5D,C105,105,1296,propio,carga_C105_105pct_semilla6028_de_ventas.202609.txt,ventas.202609.txt,bloqueo.2609.txt,,AG,2,1002,tiempo,2000,60,0,si,urgentes,7478,40923,1230.00,20.5000,no,c0852-L178 (c0852-L178),,llegada tardía (planificada),19630.00,3189,216,127,128,99.22,0,20,0,2007.6,2052.3,404,37739,0,75,82,2.216,5,0,0,0,6,43481,NO_EVALUABLE,0,16.0,LAPTOP-OMI6BJ6L,45a097c1b95bf1ad3f27d32ddffdc4ee8014640d7d379ca3df7bcd8b6f73c49a,b8d9ed2fd9f5011c1e05f5a5f6588b283367d7395a7bcc57ef6887d4ded60e12,60.0,200.0,1,20.5000,por_replica,6028
25,simulacion,SIM_5D,C105,105,1296,propio,carga_C105_105pct_semilla6029_de_ventas.202609.txt,ventas.202609.txt,bloqueo.2609.txt,,TABU,3,1003,tiempo,2000,60,0,,urgentes,7409,40914,2634.00,43.9000,no,c1326-L322 (c1326-L322),TA08,llegada tardía (a bordo),51034.00,8441,443,323,324,99.69,0,43,0,2001.2,2059.4,65741,440408,0,45,199,5.378,11,0,0,0,12,94220,NO_EVALUABLE,0,16.0,LAPTOP-OMI6BJ6L,45a097c1b95bf1ad3f27d32ddffdc4ee8014640d7d379ca3df7bcd8b6f73c49a,b8d9ed2fd9f5011c1e05f5a5f6588b283367d7395a7bcc57ef6887d4ded60e12,60.0,200.0,1,43.9000,por_replica,6029
26,simulacion,SIM_5D,C100,100,1296,propio,carga_C100_100pct_semilla5027_de_ventas.202609.txt,ventas.202609.txt,bloqueo.2609.txt,,TABU,1,1001,tiempo,2000,60,0,,urgentes,7007,38956,3671.00,61.1833,no,c7191-L470 (c7191-L470~2),,llegada tardía (planificada),78328.00,12676,596,477,478,99.79,0,61,0,2004.4,2074.4,100828,745845,0,22,306,8.270,16,0,0,0,40,135104,NO_EVALUABLE,0,16.0,LAPTOP-OMI6BJ6L,45a097c1b95bf1ad3f27d32ddffdc4ee8014640d7d379ca3df7bcd8b6f73c49a,b8d9ed2fd9f5011c1e05f5a5f6588b283367d7395a7bcc57ef6887d4ded60e12,60.0,200.0,1,61.1833,por_replica,5027
27,simulacion,SIM_5D,C090,90,1296,propio,carga_C090_90pct_semilla3030_de_ventas.202609.txt,ventas.202609.txt,bloqueo.2609.txt,,TABU,4,1004,tiempo,2000,60,0,,urgentes,6430,35093,7200.00,120.0000,si,,,,149872.00,25373,1068,978,978,100.00,0,119,0,2005.1,2070.8,151174,1031301,0,15,623,16.838,37,0,0,0,36,267245,NO_EVALUABLE,0,16.0,LAPTOP-OMI6BJ6L,45a097c1b95bf1ad3f27d32ddffdc4ee8014640d7d379ca3df7bcd8b6f73c49a,b8d9ed2fd9f5011c1e05f5a5f6588b283367d7395a7bcc57ef6887d4ded60e12,60.0,200.0,1,120.0000,por_replica,3030
28,simulacion,SIM_5D,C105,105,1296,propio,carga_C105_105pct_semilla6027_de_ventas.202609.txt,ventas.202609.txt,bloqueo.2609.txt,,TABU,1,1001,tiempo,2000,60,0,,urgentes,7466,40941,5134.00,85.5667,no,c6390-L818 (c6390-L818~1),TA05,llegada tardía (a bordo),124997.00,21026,902,773,774,99.87,0,86,0,2006.4,2088.6,121226,929540,0,27,498,13.459,25,0,0,0,27,195917,NO_EVALUABLE,0,16.0,LAPTOP-OMI6BJ6L,45a097c1b95bf1ad3f27d32ddffdc4ee8014640d7d379ca3df7bcd8b6f73c49a,b8d9ed2fd9f5011c1e05f5a5f6588b283367d7395a7bcc57ef6887d4ded60e12,60.0,200.0,1,85.5667,por_replica,6027
29,simulacion,SIM_5D,C095,95,1296,propio,carga_C095_95pct_semilla4029_de_ventas.202609.txt,ventas.202609.txt,bloqueo.2609.txt,,AG,3,1003,tiempo,2000,60,0,si,urgentes,6800,37027,7200.00,120.0000,si,,,,162568.00,27254,1115,1014,1014,100.00,0,119,0,2033.2,2216.1,839,77188,0,270,617,16.676,30,0,0,0,40,272106,NO_EVALUABLE,0,16.0,LAPTOP-OMI6BJ6L,45a097c1b95bf1ad3f27d32ddffdc4ee8014640d7d379ca3df7bcd8b6f73c49a,b8d9ed2fd9f5011c1e05f5a5f6588b283367d7395a7bcc57ef6887d4ded60e12,60.0,200.0,1,120.0000,por_replica,4029
30,simulacion,SIM_5D,C090,90,1296,propio,carga_C090_90pct_semilla3027_de_ventas.202609.txt,ventas.202609.txt,bloqueo.2609.txt,,TABU,1,1001,tiempo,2000,60,0,,urgentes,6409,35084,5586.00,93.1000,no,c1729-L814 (c1729-L814),,destino bloqueado,114483.00,19716,844,727,728,99.86,0,93,0,2002.5,2067.3,124421,808024,0,14,470,12.703,26,0,0,0,15,204685,NO_EVALUABLE,0,16.0,LAPTOP-OMI6BJ6L,45a097c1b95bf1ad3f27d32ddffdc4ee8014640d7d379ca3df7bcd8b6f73c49a,b8d9ed2fd9f5011c1e05f5a5f6588b283367d7395a7bcc57ef6887d4ded60e12,60.0,200.0,1,93.1000,por_replica,3027
31,simulacion,SIM_5D,C110,110,1296,propio,carga_C110_110pct_semilla7029_de_ventas.202609.txt,ventas.202609.txt,bloqueo.2609.txt,,AG,3,1003,tiempo,2000,60,0,si,urgentes,7752,42879,3234.00,53.9000,no,c6032-L483 (c6032-L483~2),TM09,llegada tardía (a bordo),69324.00,11229,552,426,427,99.77,0,53,0,2024.0,2136.2,623,61975,0,97,272,7.351,14,0,0,0,37,119361,NO_EVALUABLE,0,16.0,LAPTOP-OMI6BJ6L,45a097c1b95bf1ad3f27d32ddffdc4ee8014640d7d379ca3df7bcd8b6f73c49a,b8d9ed2fd9f5011c1e05f5a5f6588b283367d7395a7bcc57ef6887d4ded60e12,60.0,200.0,1,53.9000,por_replica,7029
32,simulacion,SIM_5D,C105,105,1296,propio,carga_C105_105pct_semilla6028_de_ventas.202609.txt,ventas.202609.txt,bloqueo.2609.txt,,TABU,2,1002,tiempo,2000,60,0,,urgentes,7478,40923,7200.00,120.0000,si,,,,181704.00,30221,1203,1088,1088,100.00,0,119,0,2003.2,2071.5,118781,768943,0,35,701,18.946,37,0,0,0,79,274598,NO_EVALUABLE,0,16.0,LAPTOP-OMI6BJ6L,45a097c1b95bf1ad3f27d32ddffdc4ee8014640d7d379ca3df7bcd8b6f73c49a,b8d9ed2fd9f5011c1e05f5a5f6588b283367d7395a7bcc57ef6887d4ded60e12,60.0,200.0,1,120.0000,por_replica,6028
33,simulacion,SIM_5D,C110,110,1296,propio,carga_C110_110pct_semilla7027_de_ventas.202609.txt,ventas.202609.txt,bloqueo.2609.txt,,AG,1,1001,tiempo,2000,60,0,si,urgentes,7734,42898,3138.00,52.3000,no,c4796-L513 (c4796-L513~2),,llegada tardía (planificada),66804.00,10922,549,417,418,99.76,0,52,0,2024.0,2113.3,585,54755,0,110,257,6.946,13,0,0,0,26,116485,NO_EVALUABLE,0,16.0,LAPTOP-OMI6BJ6L,45a097c1b95bf1ad3f27d32ddffdc4ee8014640d7d379ca3df7bcd8b6f73c49a,b8d9ed2fd9f5011c1e05f5a5f6588b283367d7395a7bcc57ef6887d4ded60e12,60.0,200.0,1,52.3000,por_replica,7027
34,simulacion,SIM_5D,C100,100,1296,propio,carga_C100_100pct_semilla5027_de_ventas.202609.txt,ventas.202609.txt,bloqueo.2609.txt,,AG,1,1001,tiempo,2000,60,0,si,urgentes,7007,38956,5581.00,93.0167,no,c5160-L857 (c5160-L857),,llegada tardía (planificada),118864.00,19833,890,778,779,99.87,0,93,0,2021.7,2093.4,929,92186,0,145,475,12.838,25,0,0,0,50,208032,NO_EVALUABLE,0,16.0,LAPTOP-OMI6BJ6L,45a097c1b95bf1ad3f27d32ddffdc4ee8014640d7d379ca3df7bcd8b6f73c49a,b8d9ed2fd9f5011c1e05f5a5f6588b283367d7395a7bcc57ef6887d4ded60e12,60.0,200.0,1,93.0167,por_replica,5027
35,simulacion,SIM_5D,C095,95,1296,propio,carga_C095_95pct_semilla4027_de_ventas.202609.txt,ventas.202609.txt,bloqueo.2609.txt,,AG,1,1001,tiempo,2000,60,0,si,urgentes,6799,37022,7200.00,120.0000,si,,,,161467.00,26405,1112,1015,1015,100.00,0,119,0,2028.2,2214.3,907,81550,0,172,619,16.730,32,0,0,0,34,268070,NO_EVALUABLE,0,16.0,LAPTOP-OMI6BJ6L,45a097c1b95bf1ad3f27d32ddffdc4ee8014640d7d379ca3df7bcd8b6f73c49a,b8d9ed2fd9f5011c1e05f5a5f6588b283367d7395a7bcc57ef6887d4ded60e12,60.0,200.0,1,120.0000,por_replica,4027
36,simulacion,SIM_5D,C090,90,1296,propio,carga_C090_90pct_semilla3029_de_ventas.202609.txt,ventas.202609.txt,bloqueo.2609.txt,,AG,3,1003,tiempo,2000,60,0,si,urgentes,6354,35106,7200.00,120.0000,si,,,,147351.00,24069,1028,947,947,100.00,0,119,0,2013.2,2073.4,1221,109604,0,303,552,14.919,25,0,0,0,63,260663,NO_EVALUABLE,0,16.0,LAPTOP-OMI6BJ6L,45a097c1b95bf1ad3f27d32ddffdc4ee8014640d7d379ca3df7bcd8b6f73c49a,b8d9ed2fd9f5011c1e05f5a5f6588b283367d7395a7bcc57ef6887d4ded60e12,60.0,200.0,1,120.0000,por_replica,3029
37,simulacion,SIM_5D,C090,90,1296,propio,carga_C090_90pct_semilla3030_de_ventas.202609.txt,ventas.202609.txt,bloqueo.2609.txt,,AG,4,1004,tiempo,2000,60,0,si,urgentes,6430,35093,7200.00,120.0000,si,,,,149630.00,25240,1068,974,974,100.00,0,119,0,2019.1,2099.6,1156,111677,0,294,598,16.162,29,0,0,0,43,266497,NO_EVALUABLE,0,16.0,LAPTOP-OMI6BJ6L,45a097c1b95bf1ad3f27d32ddffdc4ee8014640d7d379ca3df7bcd8b6f73c49a,b8d9ed2fd9f5011c1e05f5a5f6588b283367d7395a7bcc57ef6887d4ded60e12,60.0,200.0,1,120.0000,por_replica,3030
38,simulacion,SIM_5D,C100,100,1296,propio,carga_C100_100pct_semilla5029_de_ventas.202609.txt,ventas.202609.txt,bloqueo.2609.txt,,AG,3,1003,tiempo,2000,60,0,si,urgentes,7130,38961,7200.00,120.0000,si,,,,173922.00,28639,1173,1054,1054,100.00,0,119,0,2040.6,2349.7,853,83309,0,160,652,17.622,42,0,0,0,74,273460,NO_EVALUABLE,0,16.0,LAPTOP-OMI6BJ6L,45a097c1b95bf1ad3f27d32ddffdc4ee8014640d7d379ca3df7bcd8b6f73c49a,b8d9ed2fd9f5011c1e05f5a5f6588b283367d7395a7bcc57ef6887d4ded60e12,60.0,200.0,1,120.0000,por_replica,5029
39,simulacion,SIM_5D,C110,110,1296,propio,carga_C110_110pct_semilla7028_de_ventas.202609.txt,ventas.202609.txt,bloqueo.2609.txt,,TABU,2,1002,tiempo,2000,60,0,,urgentes,7786,42874,7200.00,120.0000,si,,,,186755.00,31050,1295,1153,1153,100.00,0,119,0,2003.3,2059.3,125037,826872,0,18,726,19.622,38,0,0,0,68,275446,NO_EVALUABLE,0,16.0,LAPTOP-OMI6BJ6L,45a097c1b95bf1ad3f27d32ddffdc4ee8014640d7d379ca3df7bcd8b6f73c49a,b8d9ed2fd9f5011c1e05f5a5f6588b283367d7395a7bcc57ef6887d4ded60e12,60.0,200.0,1,120.0000,por_replica,7028
40,simulacion,SIM_5D,C110,110,1296,propio,carga_C110_110pct_semilla7027_de_ventas.202609.txt,ventas.202609.txt,bloqueo.2609.txt,,TABU,1,1001,tiempo,2000,60,0,,urgentes,7734,42898,4557.00,75.9500,no,c0675-L766 (c0675-L766),TM13,llegada tardía (a bordo),109563.00,18043,795,667,668,99.85,0,75,0,2003.0,2068.8,96539,661431,0,12,417,11.270,23,0,0,0,52,168949,NO_EVALUABLE,0,16.0,LAPTOP-OMI6BJ6L,45a097c1b95bf1ad3f27d32ddffdc4ee8014640d7d379ca3df7bcd8b6f73c49a,b8d9ed2fd9f5011c1e05f5a5f6588b283367d7395a7bcc57ef6887d4ded60e12,60.0,200.0,1,75.9500,por_replica,7027
41,simulacion,SIM_5D,ARCHIVO,73,1296,propio,ventas.202609.txt,ventas.202609.txt,bloqueo.2609.txt,,TABU,3,1003,tiempo,2000,60,0,,urgentes,5000,27494,7200.00,120.0000,si,,,,117165.00,19623,788,722,722,100.00,0,119,0,2003.2,2066.6,232481,1591695,0,29,460,12.432,33,0,0,0,5,253565,NO_EVALUABLE,0,16.0,LAPTOP-OMI6BJ6L,45a097c1b95bf1ad3f27d32ddffdc4ee8014640d7d379ca3df7bcd8b6f73c49a,b8d9ed2fd9f5011c1e05f5a5f6588b283367d7395a7bcc57ef6887d4ded60e12,60.0,200.0,1,120.0000,por_replica,0
42,simulacion,SIM_5D,C105,105,1296,propio,carga_C105_105pct_semilla6030_de_ventas.202609.txt,ventas.202609.txt,bloqueo.2609.txt,,AG,4,1004,tiempo,2000,60,0,si,urgentes,7409,40916,7200.00,120.0000,si,,,,179212.00,29243,1202,1100,1100,100.00,0,119,0,2037.2,2222.6,1119,124690,0,208,672,18.162,28,0,0,0,79,273392,NO_EVALUABLE,0,16.0,LAPTOP-OMI6BJ6L,45a097c1b95bf1ad3f27d32ddffdc4ee8014640d7d379ca3df7bcd8b6f73c49a,b8d9ed2fd9f5011c1e05f5a5f6588b283367d7395a7bcc57ef6887d4ded60e12,60.0,200.0,1,120.0000,por_replica,6030
43,simulacion,SIM_5D,C115,115,1296,propio,carga_C115_115pct_semilla8028_de_ventas.202609.txt,ventas.202609.txt,bloqueo.2609.txt,,TABU,2,1002,tiempo,2000,60,0,,urgentes,8098,44804,6027.00,100.4500,no,c2591-L1116 (c2591-L1116),TA01,llegada tardía (a bordo),160509.00,26988,1162,989,990,99.90,0,100,0,2003.9,2072.0,100821,704302,0,19,624,16.865,25,0,0,0,79,240797,NO_EVALUABLE,0,16.0,LAPTOP-OMI6BJ6L,45a097c1b95bf1ad3f27d32ddffdc4ee8014640d7d379ca3df7bcd8b6f73c49a,b8d9ed2fd9f5011c1e05f5a5f6588b283367d7395a7bcc57ef6887d4ded60e12,60.0,200.0,1,100.4500,por_replica,8028
44,simulacion,SIM_5D,C115,115,1296,propio,carga_C115_115pct_semilla8030_de_ventas.202609.txt,ventas.202609.txt,bloqueo.2609.txt,,TABU,4,1004,tiempo,2000,60,0,,urgentes,8190,44832,1343.00,22.3833,no,c4028-L202 (c4028-L202),,destino bloqueado,22268.00,3782,242,141,142,99.30,0,22,0,2003.0,2049.6,43809,322032,0,12,96,2.595,7,0,0,0,6,48019,NO_EVALUABLE,0,16.0,LAPTOP-OMI6BJ6L,45a097c1b95bf1ad3f27d32ddffdc4ee8014640d7d379ca3df7bcd8b6f73c49a,b8d9ed2fd9f5011c1e05f5a5f6588b283367d7395a7bcc57ef6887d4ded60e12,60.0,200.0,1,22.3833,por_replica,8030
45,simulacion,SIM_5D,ARCHIVO,73,1296,propio,ventas.202609.txt,ventas.202609.txt,bloqueo.2609.txt,,AG,4,1004,tiempo,2000,60,0,si,urgentes,5000,27494,7200.00,120.0000,si,,,,108460.00,17808,788,720,720,100.00,0,119,0,2011.6,2085.0,2177,194864,0,368,424,11.459,25,0,0,0,8,253018,NO_EVALUABLE,0,16.0,LAPTOP-OMI6BJ6L,45a097c1b95bf1ad3f27d32ddffdc4ee8014640d7d379ca3df7bcd8b6f73c49a,b8d9ed2fd9f5011c1e05f5a5f6588b283367d7395a7bcc57ef6887d4ded60e12,60.0,200.0,1,120.0000,por_replica,0
46,simulacion,SIM_5D,C095,95,1296,propio,carga_C095_95pct_semilla4030_de_ventas.202609.txt,ventas.202609.txt,bloqueo.2609.txt,,TABU,4,1004,tiempo,2000,60,0,,urgentes,6719,37029,7200.00,120.0000,si,,,,158920.00,26427,1103,1013,1013,100.00,0,120,0,2003.4,2069.1,181963,1408950,0,17,629,17.000,37,0,0,0,38,267992,NO_EVALUABLE,0,16.0,LAPTOP-OMI6BJ6L,45a097c1b95bf1ad3f27d32ddffdc4ee8014640d7d379ca3df7bcd8b6f73c49a,b8d9ed2fd9f5011c1e05f5a5f6588b283367d7395a7bcc57ef6887d4ded60e12,60.0,200.0,1,120.0000,por_replica,4030
47,simulacion,SIM_5D,C100,100,1296,propio,carga_C100_100pct_semilla5029_de_ventas.202609.txt,ventas.202609.txt,bloqueo.2609.txt,,TABU,3,1003,tiempo,2000,60,0,,urgentes,7130,38961,7200.00,120.0000,si,,,,174003.00,28913,1173,1062,1062,100.00,0,119,0,2002.9,2066.6,142604,950278,0,25,676,18.270,35,0,0,0,68,269281,NO_EVALUABLE,0,16.0,LAPTOP-OMI6BJ6L,45a097c1b95bf1ad3f27d32ddffdc4ee8014640d7d379ca3df7bcd8b6f73c49a,b8d9ed2fd9f5011c1e05f5a5f6588b283367d7395a7bcc57ef6887d4ded60e12,60.0,200.0,1,120.0000,por_replica,5029
48,simulacion,SIM_5D,C115,115,1296,propio,carga_C115_115pct_semilla8029_de_ventas.202609.txt,ventas.202609.txt,bloqueo.2609.txt,,AG,3,1003,tiempo,2000,60,0,si,urgentes,8193,44851,5082.00,84.7000,no,c6161-L920 (c6161-L920~2),,llegada tardía (planificada),133073.00,21916,962,823,824,99.88,0,84,0,2038.1,2269.4,607,58107,0,78,501,13.541,27,0,0,0,59,193118,NO_EVALUABLE,0,16.0,LAPTOP-OMI6BJ6L,45a097c1b95bf1ad3f27d32ddffdc4ee8014640d7d379ca3df7bcd8b6f73c49a,b8d9ed2fd9f5011c1e05f5a5f6588b283367d7395a7bcc57ef6887d4ded60e12,60.0,200.0,1,84.7000,por_replica,8029
49,simulacion,SIM_5D,C115,115,1296,propio,carga_C115_115pct_semilla8029_de_ventas.202609.txt,ventas.202609.txt,bloqueo.2609.txt,,TABU,3,1003,tiempo,2000,60,0,,urgentes,8193,44851,7200.00,120.0000,si,,,,197796.00,33248,1356,1219,1219,100.00,0,119,0,2003.8,2069.3,106764,695815,0,30,770,20.811,39,0,0,0,79,280150,NO_EVALUABLE,0,16.0,LAPTOP-OMI6BJ6L,45a097c1b95bf1ad3f27d32ddffdc4ee8014640d7d379ca3df7bcd8b6f73c49a,b8d9ed2fd9f5011c1e05f5a5f6588b283367d7395a7bcc57ef6887d4ded60e12,60.0,200.0,1,120.0000,por_replica,8029
50,simulacion,SIM_5D,C110,110,1296,propio,carga_C110_110pct_semilla7029_de_ventas.202609.txt,ventas.202609.txt,bloqueo.2609.txt,,TABU,3,1003,tiempo,2000,60,0,,urgentes,7752,42879,3273.00,54.5500,no,c8684-L527 (c8684-L527),TA08,llegada tardía (a bordo),71503.00,11691,566,433,435,99.54,0,54,0,2005.6,2082.0,87218,612001,0,38,276,7.459,14,0,0,0,34,119698,NO_EVALUABLE,0,16.0,LAPTOP-OMI6BJ6L,45a097c1b95bf1ad3f27d32ddffdc4ee8014640d7d379ca3df7bcd8b6f73c49a,b8d9ed2fd9f5011c1e05f5a5f6588b283367d7395a7bcc57ef6887d4ded60e12,60.0,200.0,1,54.5500,por_replica,7029
51,simulacion,SIM_5D,ARCHIVO,73,1296,propio,ventas.202609.txt,ventas.202609.txt,bloqueo.2609.txt,,TABU,1,1001,tiempo,2000,60,0,,urgentes,5000,27494,7200.00,120.0000,si,,,,114731.00,18895,788,723,723,100.00,0,119,0,2002.2,2078.3,225773,1543043,0,21,443,11.973,28,0,0,0,3,253981,NO_EVALUABLE,0,16.0,LAPTOP-OMI6BJ6L,45a097c1b95bf1ad3f27d32ddffdc4ee8014640d7d379ca3df7bcd8b6f73c49a,b8d9ed2fd9f5011c1e05f5a5f6588b283367d7395a7bcc57ef6887d4ded60e12,60.0,200.0,1,120.0000,por_replica,0
52,simulacion,SIM_5D,C105,105,1296,propio,carga_C105_105pct_semilla6027_de_ventas.202609.txt,ventas.202609.txt,bloqueo.2609.txt,,AG,1,1001,tiempo,2000,60,0,si,urgentes,7466,40941,7200.00,120.0000,si,,,,178906.00,29916,1243,1136,1136,100.00,0,120,0,2037.6,2190.6,1724,207174,0,103,707,19.108,35,0,0,0,60,278499,NO_EVALUABLE,0,16.0,LAPTOP-OMI6BJ6L,45a097c1b95bf1ad3f27d32ddffdc4ee8014640d7d379ca3df7bcd8b6f73c49a,b8d9ed2fd9f5011c1e05f5a5f6588b283367d7395a7bcc57ef6887d4ded60e12,60.0,200.0,1,120.0000,por_replica,6027
53,simulacion,SIM_5D,C115,115,1296,propio,carga_C115_115pct_semilla8028_de_ventas.202609.txt,ventas.202609.txt,bloqueo.2609.txt,,AG,2,1002,tiempo,2000,60,0,si,urgentes,8098,44804,6063.00,101.0500,no,c1568-L1126 (c1568-L1126),,llegada tardía (planificada),164334.00,27195,1166,1000,1001,99.90,0,101,0,2098.4,2565.8,647,73266,0,114,615,16.622,30,0,0,0,93,252557,NO_EVALUABLE,0,16.0,LAPTOP-OMI6BJ6L,45a097c1b95bf1ad3f27d32ddffdc4ee8014640d7d379ca3df7bcd8b6f73c49a,b8d9ed2fd9f5011c1e05f5a5f6588b283367d7395a7bcc57ef6887d4ded60e12,60.0,200.0,1,101.0500,por_replica,8028
54,simulacion,SIM_5D,C090,90,1296,propio,carga_C090_90pct_semilla3028_de_ventas.202609.txt,ventas.202609.txt,bloqueo.2609.txt,,TABU,2,1002,tiempo,2000,60,0,,urgentes,6332,35105,7097.00,118.2833,no,c7268-L992 (c7268-L992),,destino bloqueado,149126.00,24363,1026,916,917,99.89,0,118,0,2003.4,2065.3,155434,1028757,0,47,557,15.054,32,0,0,0,53,260847,NO_EVALUABLE,0,16.0,LAPTOP-OMI6BJ6L,45a097c1b95bf1ad3f27d32ddffdc4ee8014640d7d379ca3df7bcd8b6f73c49a,b8d9ed2fd9f5011c1e05f5a5f6588b283367d7395a7bcc57ef6887d4ded60e12,60.0,200.0,1,118.2833,por_replica,3028
55,simulacion,SIM_5D,C095,95,1296,propio,carga_C095_95pct_semilla4028_de_ventas.202609.txt,ventas.202609.txt,bloqueo.2609.txt,,TABU,2,1002,tiempo,2000,60,0,,urgentes,6724,37059,6365.00,106.0833,no,c3206-L925 (c3206-L925),,destino bloqueado,144128.00,23741,955,840,841,99.88,0,106,0,2002.9,2076.4,139570,949625,0,28,556,15.027,30,0,0,0,33,236690,NO_EVALUABLE,0,16.0,LAPTOP-OMI6BJ6L,45a097c1b95bf1ad3f27d32ddffdc4ee8014640d7d379ca3df7bcd8b6f73c49a,b8d9ed2fd9f5011c1e05f5a5f6588b283367d7395a7bcc57ef6887d4ded60e12,60.0,200.0,1,106.0833,por_replica,4028
56,simulacion,SIM_5D,ARCHIVO,73,1296,propio,ventas.202609.txt,ventas.202609.txt,bloqueo.2609.txt,,TABU,4,1004,tiempo,2000,60,0,,urgentes,5000,27494,7200.00,120.0000,si,,,,111716.00,18457,788,720,720,100.00,0,119,0,2003.0,2077.0,260046,1765846,0,39,448,12.108,37,0,0,0,4,250358,NO_EVALUABLE,0,16.0,LAPTOP-OMI6BJ6L,45a097c1b95bf1ad3f27d32ddffdc4ee8014640d7d379ca3df7bcd8b6f73c49a,b8d9ed2fd9f5011c1e05f5a5f6588b283367d7395a7bcc57ef6887d4ded60e12,60.0,200.0,1,120.0000,por_replica,0
